date,open,high,low,close,est
2019-09-02,1529.39,1533.77,1519.22,1528.96,0
2019-09-03,1526.91,1549.68,1521.61,1548.7,0
2019-09-04,1546.53,1556.98,1533.78,1552.6,0
2019-09-05,1551.44,1552.95,1506.19,1518.89,0
2019-09-06,1518.45,1527.81,1502.47,1506.38,0
2019-09-09,1503.51,1515.43,1497.54,1498.81,0
2019-09-10,1498.32,1500.97,1484.45,1485.77,0
2019-09-11,1486.28,1498.23,1485.99,1496.52,0
2019-09-12,1496.74,1524.13,1489.16,1498.97,0
2019-09-13,1497.62,1508.94,1485.71,1488.55,0
2019-09-16,1500.71,1512.09,1495.83,1498.4,0
2019-09-17,1498.49,1507.03,1493.39,1501.32,0
2019-09-18,1501.47,1511.54,1482.97,1493.24,0
2019-09-19,1492.89,1504.45,1488.92,1498.47,0
2019-09-20,1499.19,1517.01,1497.89,1516.27,0
2019-09-23,1512.63,1526.77,1511.48,1522.12,0
2019-09-24,1523.09,1535.63,1515.55,1531.17,0
2019-09-25,1533.29,1535.08,1500.4,1503.64,0
2019-09-26,1503.66,1512.25,1500.25,1504.56,0
2019-09-27,1503.95,1507.34,1486.79,1496.61,0
2019-09-30,1496.25,1500.41,1464.43,1472.29,0
2019-10-01,1472.93,1487.19,1459.03,1479.38,0
2019-10-02,1480.06,1505.02,1474.44,1499.92,0
2019-10-03,1498.96,1519.48,1495.76,1504.83,0
2019-10-04,1506.04,1515.54,1495.77,1504.5,0
2019-10-07,1508.53,1509.25,1487.97,1493.27,0
2019-10-08,1493.37,1509.65,1486.81,1505.48,0
2019-10-09,1506.45,1512.34,1499.8,1505.42,0
2019-10-10,1505.7,1516.98,1491.02,1493.39,0
2019-10-11,1494.46,1503.13,1473.93,1487.93,0
2019-10-14,1486.43,1497.06,1482.77,1493.03,0
2019-10-15,1492.37,1498.53,1477.13,1481.0,0
2019-10-16,1481.09,1491.51,1476.96,1489.52,0
2019-10-17,1489.99,1497.31,1483.37,1492.23,0
2019-10-18,1491.98,1494.17,1484.81,1489.93,0
2019-10-21,1491.65,1495.17,1481.42,1484.06,0
2019-10-22,1484.53,1488.93,1480.78,1487.77,0
2019-10-23,1487.93,1496.23,1487.62,1491.75,0
2019-10-24,1491.33,1503.96,1487.93,1502.9,0
2019-10-25,1503.03,1517.93,1500.55,1504.16,0
2019-10-28,1503.29,1508.17,1489.93,1492.54,0
2019-10-29,1491.81,1494.71,1483.33,1487.9,0
2019-10-30,1487.39,1496.52,1481.08,1495.6,0
2019-10-31,1495.77,1514.19,1493.89,1512.13,0
2019-11-01,1512.49,1516.09,1503.22,1513.9,0
2019-11-04,1512.69,1514.77,1504.34,1509.48,0
2019-11-05,1508.83,1509.61,1479.31,1483.78,0
2019-11-06,1483.71,1494.13,1482.91,1490.14,0
2019-11-07,1489.79,1492.21,1460.46,1468.52,0
2019-11-08,1468.11,1472.87,1456.12,1458.72,0
2019-11-11,1460.22,1466.36,1448.15,1455.65,0
2019-11-12,1454.99,1460.32,1445.57,1456.3,0
2019-11-13,1457.29,1467.0,1456.64,1463.26,0
2019-11-14,1463.99,1474.55,1461.07,1470.97,0
2019-11-15,1471.22,1471.31,1462.37,1467.37,0
2019-11-18,1467.85,1473.89,1456.28,1470.78,0
2019-11-19,1470.65,1475.23,1464.72,1472.31,0
2019-11-20,1473.67,1478.75,1465.88,1471.05,0
2019-11-21,1474.9,1475.59,1462.28,1464.32,0
2019-11-22,1464.37,1473.18,1461.25,1461.81,0
2019-11-25,1460.39,1462.08,1454.0,1454.94,0
2019-11-26,1454.94,1462.87,1450.02,1461.3,0
2019-11-27,1461.11,1461.75,1452.45,1453.93,0
2019-11-28,1455.75,1458.26,1454.16,1455.74,0
2019-11-29,1455.39,1466.53,1452.94,1463.83,0
2019-12-02,1462.43,1465.29,1453.89,1462.45,0
2019-12-03,1461.61,1481.73,1459.78,1477.32,0
2019-12-04,1476.47,1484.01,1471.35,1474.33,0
2019-12-05,1474.37,1480.29,1472.86,1475.76,0
2019-12-06,1476.04,1479.82,1458.66,1459.53,0
2019-12-09,1458.58,1465.35,1458.48,1461.71,0
2019-12-10,1461.41,1469.17,1459.95,1464.35,0
2019-12-11,1464.16,1478.84,1462.63,1474.72,0
2019-12-12,1474.89,1486.69,1463.89,1469.4,0
2019-12-13,1466.57,1478.0,1461.73,1475.44,0
2019-12-16,1474.85,1479.85,1473.09,1475.9,0
2019-12-17,1475.89,1480.49,1474.12,1475.99,0
2019-12-18,1475.76,1479.24,1470.38,1475.45,0
2019-12-19,1475.3,1481.64,1473.19,1478.7,0
2019-12-20,1478.94,1480.94,1475.78,1477.93,0
2019-12-23,1477.96,1486.09,1477.46,1485.38,0
2019-12-24,1485.2,1500.44,1484.33,1498.99,0
2019-12-26,1503.27,1512.56,1502.27,1511.04,0
2019-12-27,1510.77,1515.29,1507.28,1510.63,0
2019-12-30,1511.16,1516.07,1510.7,1514.96,0
2019-12-31,1514.63,1525.23,1514.54,1520.21,0
2020-01-02,1520.26,1531.32,1518.38,1528.77,0
2020-01-03,1528.25,1553.43,1527.86,1551.44,0
2020-01-06,1575.89,1582.09,1560.7,1565.63,0
2020-01-07,1564.53,1577.32,1555.23,1573.24,0
2020-01-08,1575.99,1611.35,1552.22,1556.36,0
2020-01-09,1554.75,1561.29,1540.2,1552.08,0
2020-01-10,1552.91,1563.13,1545.73,1561.76,0
2020-01-13,1559.55,1560.6,1546.51,1548.34,0
2020-01-14,1548.13,1548.85,1535.96,1546.25,0
2020-01-15,1546.37,1558.17,1546.27,1556.22,0
2020-01-16,1555.18,1558.06,1547.98,1552.46,0
2020-01-17,1552.29,1561.21,1549.33,1556.83,0
2020-01-20,1559.0,1562.76,1556.35,1560.5,0
2020-01-21,1560.88,1568.59,1546.3,1557.91,0
2020-01-22,1558.01,1559.22,1550.15,1558.6,0
2020-01-23,1558.55,1567.91,1551.85,1562.8,0
2020-01-24,1561.79,1575.95,1556.49,1570.9,0
2020-01-27,1580.71,1588.28,1575.87,1581.88,0
2020-01-28,1580.91,1583.03,1565.44,1567.78,0
2020-01-29,1568.65,1578.0,1563.35,1577.11,0
2020-01-30,1575.25,1585.99,1572.22,1573.85,0
2020-01-31,1575.06,1590.48,1570.87,1588.83,0
2020-02-03,1588.65,1592.0,1569.28,1576.3,0
2020-02-04,1578.56,1579.61,1548.97,1552.74,0
2020-02-05,1553.18,1562.41,1547.38,1556.41,0
2020-02-06,1554.67,1568.23,1552.46,1566.46,0
2020-02-07,1565.81,1574.05,1560.08,1570.0,0
2020-02-10,1569.27,1577.01,1567.96,1571.87,0
2020-02-11,1572.09,1574.05,1561.92,1567.63,0
2020-02-12,1567.49,1570.46,1561.95,1565.73,0
2020-02-13,1566.13,1578.33,1565.51,1575.98,0
2020-02-14,1575.91,1585.01,1573.02,1583.69,0
2020-02-17,1581.25,1583.78,1578.85,1580.86,0
2020-02-18,1583.69,1605.05,1583.23,1601.35,0
2020-02-19,1601.17,1612.91,1599.53,1611.34,0
2020-02-20,1610.97,1623.73,1603.84,1619.26,0
2020-02-21,1619.7,1649.23,1618.92,1643.73,0
2020-02-24,1659.37,1689.25,1650.83,1658.5,0
2020-02-25,1657.47,1658.77,1624.98,1635.26,0
2020-02-26,1638.13,1654.95,1624.73,1640.5,0
2020-02-27,1641.12,1660.37,1635.19,1644.23,0
2020-02-28,1641.91,1649.46,1562.93,1584.7,0
2020-03-02,1581.79,1610.94,1575.31,1589.75,0
2020-03-03,1590.45,1649.29,1589.58,1639.48,0
2020-03-04,1642.09,1653.13,1631.81,1635.73,0
2020-03-05,1636.57,1674.57,1634.97,1671.58,0
2020-03-06,1671.61,1692.09,1641.97,1674.06,0
2020-03-09,1695.92,1703.44,1657.41,1678.15,0
2020-03-10,1667.73,1671.42,1641.49,1649.37,0
2020-03-11,1651.93,1671.24,1632.94,1636.63,0
2020-03-12,1640.1,1650.07,1560.59,1578.63,0
2020-03-13,1576.3,1597.91,1504.62,1529.78,0
2020-03-16,1543.04,1562.94,1451.13,1509.09,0
2020-03-17,1511.75,1553.85,1465.42,1527.8,0
2020-03-18,1537.29,1543.29,1472.61,1484.63,0
2020-03-19,1485.3,1500.77,1461.89,1474.34,0
2020-03-20,1467.47,1515.93,1465.83,1498.64,0
2020-03-23,1490.2,1561.08,1485.0,1552.39,0
2020-03-24,1563.45,1632.3,1557.62,1625.33,0
2020-03-25,1630.56,1638.85,1594.95,1616.35,0
2020-03-26,1612.4,1644.37,1595.26,1628.93,0
2020-03-27,1630.2,1631.06,1613.83,1622.55,0
2020-03-30,1619.97,1632.25,1610.39,1620.31,0
2020-03-31,1621.75,1622.22,1574.19,1576.78,0
2020-04-01,1571.41,1599.96,1569.33,1591.26,0
2020-04-02,1590.36,1620.17,1582.65,1611.66,0
2020-04-03,1614.39,1626.04,1605.85,1615.7,0
2020-04-06,1614.62,1669.88,1608.35,1658.19,0
2020-04-07,1664.81,1674.02,1642.16,1647.94,0
2020-04-08,1647.27,1656.87,1641.58,1645.4,0
2020-04-09,1645.41,1690.43,1643.86,1683.56,0
2020-04-13,1677.47,1723.27,1674.98,1711.98,0
2020-04-14,1712.25,1747.4,1708.56,1726.54,0
2020-04-15,1726.54,1731.11,1707.52,1716.5,0
2020-04-16,1716.49,1738.66,1708.01,1718.38,0
2020-04-17,1718.48,1718.52,1680.1,1682.14,0
2020-04-20,1683.02,1702.7,1671.55,1695.28,0
2020-04-21,1695.4,1697.86,1660.03,1683.54,0
2020-04-22,1683.79,1718.74,1680.29,1714.87,0
2020-04-23,1714.66,1738.78,1707.0,1730.31,0
2020-04-24,1730.56,1736.35,1710.36,1726.41,0
2020-04-27,1722.32,1727.59,1705.87,1714.94,0
2020-04-28,1714.9,1716.16,1691.54,1707.65,0
2020-04-29,1708.02,1717.67,1697.76,1712.89,0
2020-04-30,1712.95,1721.72,1681.24,1685.98,0
2020-05-01,1686.02,1705.47,1670.4,1699.6,0
2020-05-04,1698.03,1713.44,1691.64,1701.0,0
2020-05-05,1701.13,1712.04,1689.63,1704.71,0
2020-05-06,1704.51,1708.06,1681.14,1685.19,0
2020-05-07,1685.19,1722.01,1684.14,1715.25,0
2020-05-08,1715.52,1723.6,1701.09,1702.09,0
2020-05-11,1702.38,1711.8,1691.53,1697.64,0
2020-05-12,1697.67,1710.95,1693.61,1702.26,0
2020-05-13,1702.09,1718.08,1698.93,1715.3,0
2020-05-14,1715.31,1736.39,1711.0,1730.06,0
2020-05-15,1730.06,1751.68,1728.61,1741.85,0
2020-05-18,1747.36,1765.08,1727.5,1732.2,0
2020-05-19,1732.05,1748.03,1725.6,1744.24,0
2020-05-20,1744.07,1753.8,1742.3,1747.21,0
2020-05-21,1747.24,1748.79,1717.1,1726.76,0
2020-05-22,1726.7,1740.09,1724.25,1735.45,0
2020-05-25,1732.11,1733.34,1721.55,1728.22,0
2020-05-26,1726.06,1735.41,1708.65,1710.31,0
2020-05-27,1710.41,1715.99,1693.62,1709.57,0
2020-05-28,1709.27,1727.57,1707.27,1718.68,0
2020-05-29,1719.54,1737.69,1712.75,1730.41,0
2020-06-01,1735.4,1744.51,1726.84,1739.48,0
2020-06-02,1737.81,1745.09,1721.3,1727.45,0
2020-06-03,1727.04,1731.75,1689.21,1698.26,0
2020-06-04,1699.17,1721.73,1696.99,1712.8,0
2020-06-05,1714.75,1716.04,1670.55,1684.3,0
2020-06-08,1680.52,1700.67,1677.22,1698.39,0
2020-06-09,1700.09,1720.83,1692.11,1714.16,0
2020-06-10,1715.38,1739.75,1708.2,1737.83,0
2020-06-11,1737.94,1744.63,1721.27,1728.56,0
2020-06-12,1729.22,1743.03,1722.14,1730.57,0
2020-06-15,1730.76,1734.13,1704.11,1725.24,0
2020-06-16,1725.27,1732.84,1716.41,1726.41,0
2020-06-17,1725.0,1730.23,1712.6,1726.19,0
2020-06-18,1725.79,1737.59,1717.3,1722.48,0
2020-06-19,1722.81,1745.28,1721.17,1742.26,0
2020-06-22,1747.68,1763.2,1742.74,1754.55,0
2020-06-23,1753.97,1771.07,1747.29,1766.95,0
2020-06-24,1769.08,1779.43,1760.68,1761.28,0
2020-06-25,1759.56,1768.87,1755.26,1763.63,0
2020-06-26,1764.15,1772.03,1747.43,1769.57,0
2020-06-29,1770.32,1775.43,1765.61,1772.6,0
2020-06-30,1771.9,1785.94,1764.69,1780.54,0
2020-07-01,1781.61,1789.08,1759.22,1769.84,0
2020-07-02,1771.4,1779.39,1757.43,1774.97,0
2020-07-03,1776.49,1777.1,1772.66,1774.9,0
2020-07-06,1773.37,1787.0,1769.86,1784.25,0
2020-07-07,1785.22,1797.34,1773.47,1794.6,0
2020-07-08,1795.13,1817.92,1791.52,1808.45,0
2020-07-09,1809.37,1815.91,1795.42,1802.32,0
2020-07-10,1802.06,1810.43,1793.98,1798.57,0
2020-07-13,1799.11,1813.31,1797.73,1802.27,0
2020-07-14,1802.13,1810.84,1790.63,1808.99,0
2020-07-15,1807.97,1815.04,1802.45,1809.97,0
2020-07-16,1810.53,1813.29,1794.9,1796.84,0
2020-07-17,1798.09,1811.95,1795.75,1809.68,0
2020-07-20,1808.04,1820.53,1805.62,1817.21,0
2020-07-21,1817.92,1843.47,1815.59,1841.48,0
2020-07-22,1840.95,1872.02,1840.74,1871.22,0
2020-07-23,1873.97,1898.36,1863.64,1885.97,0
2020-07-24,1889.65,1906.5,1881.29,1901.63,0
2020-07-27,1902.64,1945.62,1902.54,1940.96,0
2020-07-28,1943.28,1981.16,1906.63,1957.98,0
2020-07-29,1962.16,1980.75,1941.33,1970.82,0
2020-07-30,1971.04,1971.32,1939.44,1957.54,0
2020-07-31,1955.5,1983.97,1955.33,1975.02,0
2020-08-03,1983.53,1984.9,1960.39,1975.98,0
2020-08-04,1977.36,2019.82,1966.66,2018.53,0
2020-08-05,2021.19,2055.57,2009.39,2038.96,0
2020-08-06,2040.28,2069.74,2034.44,2063.25,0
2020-08-07,2066.55,2074.87,2015.37,2033.15,0
2020-08-10,2026.31,2049.85,2019.15,2027.61,0
2020-08-11,2026.64,2029.92,1901.25,1912.57,0
2020-08-12,1915.36,1949.48,1862.58,1918.98,0
2020-08-13,1919.72,1966.16,1912.66,1953.64,0
2020-08-14,1951.38,1962.37,1932.07,1943.57,0
2020-08-17,1944.91,1990.68,1929.4,1984.43,0
2020-08-18,1983.17,2015.57,1975.86,2002.22,0
2020-08-19,2005.1,2006.37,1924.51,1927.66,0
2020-08-20,1931.52,1955.26,1924.54,1946.17,0
2020-08-21,1948.08,1955.97,1911.26,1938.98,0
2020-08-24,1936.69,1961.88,1923.74,1928.38,0
2020-08-25,1930.34,1937.49,1914.19,1926.87,0
2020-08-26,1928.28,1954.82,1902.64,1953.14,0
2020-08-27,1951.92,1976.53,1909.79,1928.32,0
2020-08-28,1929.98,1973.78,1923.15,1964.34,0
2020-08-31,1969.07,1976.54,1954.23,1968.22,0
2020-09-01,1968.35,1992.29,1963.35,1970.63,0
2020-09-02,1968.21,1973.26,1932.39,1943.08,0
2020-09-03,1942.01,1950.94,1921.75,1930.45,0
2020-09-04,1931.28,1948.36,1916.27,1933.09,0
2020-09-07,1932.07,1941.37,1924.44,1928.29,0
2020-09-08,1929.54,1940.84,1906.54,1931.51,0
2020-09-09,1931.59,1950.84,1919.95,1947.37,0
2020-09-10,1946.3,1966.53,1941.35,1946.01,0
2020-09-11,1946.32,1954.8,1937.12,1940.48,0
2020-09-14,1937.74,1962.56,1937.36,1956.52,0
2020-09-15,1957.68,1972.21,1948.29,1953.34,0
2020-09-16,1954.52,1973.64,1949.87,1959.15,0
2020-09-17,1959.47,1960.96,1932.87,1944.2,0
2020-09-18,1944.43,1960.1,1943.93,1950.42,0
2020-09-21,1949.75,1955.62,1882.71,1911.92,0
2020-09-22,1914.34,1920.03,1894.64,1900.34,0
2020-09-23,1900.62,1905.39,1855.67,1862.74,0
2020-09-24,1863.96,1877.15,1848.75,1868.66,0
2020-09-25,1869.77,1875.18,1852.37,1860.14,0
2020-09-28,1862.9,1882.96,1848.93,1881.84,0
2020-09-29,1881.24,1899.12,1875.49,1897.48,0
2020-09-30,1897.69,1902.27,1881.34,1885.23,0
2020-10-01,1887.32,1912.12,1884.67,1905.94,0
2020-10-02,1904.72,1917.1,1889.76,1900.58,0
2020-10-05,1903.47,1918.73,1887.05,1913.65,0
2020-10-06,1911.96,1921.09,1876.78,1877.56,0
2020-10-07,1877.88,1898.01,1872.94,1887.83,0
2020-10-08,1887.27,1900.62,1882.0,1893.5,0
2020-10-09,1893.93,1930.41,1893.58,1929.87,0
2020-10-12,1926.89,1933.18,1918.2,1922.63,0
2020-10-13,1923.88,1925.37,1886.37,1891.07,0
2020-10-14,1892.95,1912.94,1882.46,1900.49,0
2020-10-15,1901.54,1908.9,1889.48,1907.92,0
2020-10-16,1908.74,1913.92,1897.76,1898.76,0
2020-10-19,1899.71,1918.47,1896.98,1903.44,0
2020-10-20,1903.5,1914.03,1894.81,1907.53,0
2020-10-21,1910.14,1931.36,1908.41,1924.6,0
2020-10-22,1924.65,1925.94,1894.5,1903.67,0
2020-10-23,1904.81,1914.19,1894.29,1901.41,0
2020-10-26,1901.37,1908.52,1891.21,1901.68,0
2020-10-27,1902.06,1911.42,1897.84,1907.35,0
2020-10-28,1907.75,1910.87,1869.36,1876.81,0
2020-10-29,1877.7,1884.97,1859.92,1867.11,0
2020-10-30,1869.1,1889.79,1864.45,1878.37,0
2020-11-02,1879.27,1896.02,1873.41,1895.06,0
2020-11-03,1894.95,1910.55,1886.86,1908.94,0
2020-11-04,1909.17,1916.31,1881.82,1903.27,0
2020-11-05,1903.22,1952.76,1902.45,1949.17,0
2020-11-06,1946.29,1960.29,1935.59,1951.81,0
2020-11-09,1957.18,1965.46,1850.52,1863.13,0
2020-11-10,1860.97,1890.35,1860.69,1877.39,0
2020-11-11,1875.53,1884.41,1856.43,1865.5,0
2020-11-12,1866.76,1883.81,1862.69,1876.71,0
2020-11-13,1877.12,1896.75,1873.97,1889.28,0
2020-11-16,1887.89,1899.01,1864.46,1888.66,0
2020-11-17,1889.5,1893.43,1876.84,1880.19,0
2020-11-18,1881.56,1884.82,1863.47,1871.97,0
2020-11-19,1873.83,1874.13,1852.69,1866.84,0
2020-11-20,1861.33,1879.75,1860.76,1870.9,0
2020-11-23,1870.86,1876.14,1830.95,1837.49,0
2020-11-24,1838.68,1838.95,1800.25,1807.71,0
2020-11-25,1807.66,1817.63,1801.73,1807.07,0
2020-11-26,1809.01,1818.22,1805.7,1810.2,0
2020-11-27,1810.24,1813.88,1774.33,1786.76,0
2020-11-30,1789.31,1789.86,1764.38,1777.64,0
2020-12-01,1776.97,1817.27,1775.74,1815.42,0
2020-12-02,1812.97,1832.55,1807.43,1830.72,0
2020-12-03,1829.36,1843.91,1823.64,1840.98,0
2020-12-04,1841.28,1848.17,1829.11,1838.6,0
2020-12-07,1836.86,1868.5,1821.99,1863.1,0
2020-12-08,1862.91,1875.28,1860.17,1870.83,0
2020-12-09,1869.35,1870.53,1825.4,1839.41,0
2020-12-10,1838.49,1849.98,1828.62,1835.96,0
2020-12-11,1837.03,1847.66,1823.91,1839.91,0
2020-12-14,1837.07,1839.02,1818.34,1827.82,0
2020-12-15,1828.4,1855.32,1825.46,1853.67,0
2020-12-16,1853.88,1865.77,1844.71,1864.06,0
2020-12-17,1863.46,1896.19,1862.01,1886.04,0
2020-12-18,1884.71,1889.58,1877.38,1880.55,0
2020-12-21,1882.51,1906.7,1854.99,1876.25,0
2020-12-22,1879.31,1884.21,1858.93,1859.91,0
2020-12-23,1861.01,1878.56,1857.06,1872.63,0
2020-12-24,1873.39,1883.46,1869.5,1879.3,0
2020-12-28,1888.4,1900.2,1869.12,1873.05,0
2020-12-29,1875.23,1886.44,1871.71,1878.17,0
2020-12-30,1877.31,1894.04,1876.08,1893.81,0
2020-12-31,1893.47,1900.38,1885.41,1893.68,0
